{"resourceType":"ValueSet","id":"location-valueset","text":{"status":"generated","div":"<div xmlns=\"http://www.w3.org/1999/xhtml\"><p class=\"res-header-id\"><b>Generated Narrative: ValueSet location-valueset</b></p><a name=\"location-valueset\"> </a><a name=\"hclocation-valueset\"> </a><ul><li>Include these codes as defined in <a href=\"http://www.snomed.org/\"><code>http://snomed.info/sct</code></a><table class=\"none\"><tr><td style=\"white-space:nowrap\"><b>Code</b></td><td><b>Display</b></td></tr><tr><td><a href=\"http://snomed.info/id/264362003\">264362003</a></td><td>Home</td></tr><tr><td><a href=\"http://snomed.info/id/702703009\">702703009</a></td><td>Outside</td></tr></table></li></ul></div>"},"url":"https://w3id.org/pghdprovo/fhir/ValueSet/location-valueset","version":"0.1.0","name":"LocationValueSet","title":"PGHD Location Values","status":"draft","date":"2025-09-21T14:01:48+01:00","publisher":"Abdullahi Kawu","contact":[{"name":"Abdullahi Kawu","telecom":[{"system":"url","value":"https://w3id.org/pghdprovo/fhir"}]}],"description":"Common patient locations during PGHD collection.","compose":{"include":[{"system":"http://snomed.info/sct","concept":[{"code":"264362003","display":"Home"},{"code":"702703009","display":"Outside"}]}]}}