{"resourceType":"ValueSet","id":"posture-valueset","text":{"status":"generated","div":"<div xmlns=\"http://www.w3.org/1999/xhtml\"><p class=\"res-header-id\"><b>Generated Narrative: ValueSet posture-valueset</b></p><a name=\"posture-valueset\"> </a><a name=\"hcposture-valueset\"> </a><ul><li>Include these codes as defined in <a href=\"http://www.snomed.org/\"><code>http://snomed.info/sct</code></a><table class=\"none\"><tr><td style=\"white-space:nowrap\"><b>Code</b></td><td><b>Display</b></td></tr><tr><td><a href=\"http://snomed.info/id/33586001\">33586001</a></td><td>Sitting position</td></tr><tr><td><a href=\"http://snomed.info/id/10904000\">10904000</a></td><td>Standing position</td></tr><tr><td><a href=\"http://snomed.info/id/102538003\">102538003</a></td><td>Lying position</td></tr></table></li></ul></div>"},"url":"https://w3id.org/pghdprovo/fhir/ValueSet/posture-valueset","version":"0.1.0","name":"PostureValueSet","title":"PGHD Posture Values","status":"draft","date":"2025-09-21T16:39:17+01:00","publisher":"Abdullahi Kawu","contact":[{"name":"Abdullahi Kawu","telecom":[{"system":"url","value":"https://w3id.org/pghdprovo/fhir"}]}],"description":"Common patient postures during PGHD collection.","compose":{"include":[{"system":"http://snomed.info/sct","concept":[{"code":"33586001","display":"Sitting position"},{"code":"10904000","display":"Standing position"},{"code":"102538003","display":"Lying position"}]}]}}