<?xml version="1.0" encoding="UTF-8"?>

<Patient xmlns="http://hl7.org/fhir">
  <id value="PatientExample"/>
  <meta>
    <profile value="https://w3id.org/pghdprovo/fhir/StructureDefinition/pghd-patient"/>
  </meta>
  <text>
    <status value="generated"/><div xmlns="http://www.w3.org/1999/xhtml"><p class="res-header-id"><b>Generated Narrative: Patient PatientExample</b></p><a name="PatientExample"> </a><a name="hcPatientExample"> </a><a name="PatientExample-en-US"> </a><div style="display: inline-block; background-color: #d9e0e7; padding: 6px; margin: 4px; border: 1px solid #8da1b4; border-radius: 5px; line-height: 60%"><p style="margin-bottom: 0px"/><p style="margin-bottom: 0px">Profile: <a href="StructureDefinition-pghd-patient.html">PGHDPatient</a></p></div><p style="border: 1px #661aff solid; background-color: #e6e6ff; padding: 10px;">John Doe (official) Female, DoB: 1990-05-15 ( urn:uuid#123e4567-e89b-12d3-a456-426614174001)</p><hr/><table class="grid"><tr><td style="background-color: #f3f5da" title="Record is active">Active:</td><td colspan="3">true</td></tr><tr><td style="background-color: #f3f5da" title="Ways to contact the Patient">Contact Detail</td><td colspan="3"><ul><li>ph: 123-456-7890</li><li><a href="mailto:john.doe@example.com">john.doe@example.com</a></li></ul></td></tr></table></div>
  </text>
  <identifier>
    <system value="urn:uuid"/>
    <value value="123e4567-e89b-12d3-a456-426614174001"/>
  </identifier>
  <active value="true"/>
  <name>
    <use value="official"/>
    <family value="Doe"/>
    <given value="John"/>
  </name>
  <telecom>
    <system value="phone"/>
    <value value="123-456-7890"/>
  </telecom>
  <telecom>
    <system value="email"/>
    <value value="john.doe@example.com"/>
  </telecom>
  <gender value="female"/>
  <birthDate value="1990-05-15"/>
</Patient>