<?xml version="1.0" encoding="UTF-8"?>

<Person xmlns="http://hl7.org/fhir">
  <id value="PersonExample"/>
  <meta>
    <profile value="https://w3id.org/pghdprovo/fhir/StructureDefinition/pghd-person"/>
  </meta>
  <text>
    <status value="generated"/><div xmlns="http://www.w3.org/1999/xhtml"><p class="res-header-id"><b>Generated Narrative: Person PersonExample</b></p><a name="PersonExample"> </a><a name="hcPersonExample"> </a><div style="display: inline-block; background-color: #d9e0e7; padding: 6px; margin: 4px; border: 1px solid #8da1b4; border-radius: 5px; line-height: 60%"><p style="margin-bottom: 0px"/><p style="margin-bottom: 0px">Profile: <a href="StructureDefinition-pghd-person.html">PGHDPerson</a></p></div><p><b>identifier</b>: <code>urn:uuid</code>/123e4567-e89b-12d3-a456-426614174035</p><p><b>name</b>: John Bob (Official)</p><h3>Links</h3><table class="grid"><tr><td style="display: none">-</td><td><b>Target</b></td></tr><tr><td style="display: none">*</td><td><a href="Patient-PatientExample.html">John Bob</a></td></tr></table></div>
  </text>
  <identifier>
    <system value="urn:uuid"/>
    <value value="123e4567-e89b-12d3-a456-426614174035"/>
  </identifier>
  <name>
    <use value="official"/>
    <family value="Bob"/>
    <given value="John"/>
  </name>
  <link>
    <target>
      <reference value="Patient/PatientExample"/>
      <display value="John Bob"/>
    </target>
  </link>
</Person>