<?xml version="1.0" encoding="UTF-8"?>

<Provenance xmlns="http://hl7.org/fhir">
  <id value="ProvenanceExample"/>
  <meta>
    <profile value="https://w3id.org/pghdprovo/fhir/StructureDefinition/pghd-provenance"/>
  </meta>
  <text>
    <status value="generated"/><div xmlns="http://www.w3.org/1999/xhtml"><p class="res-header-id"><b>Generated Narrative: Provenance ProvenanceExample</b></p><a name="ProvenanceExample"> </a><a name="hcProvenanceExample"> </a><a name="ProvenanceExample-en-US"> </a><div style="display: inline-block; background-color: #d9e0e7; padding: 6px; margin: 4px; border: 1px solid #8da1b4; border-radius: 5px; line-height: 60%"><p style="margin-bottom: 0px"/><p style="margin-bottom: 0px">Profile: <a href="StructureDefinition-pghd-provenance.html">PGHDProvenance</a></p></div><p>Provenance for <a href="Observation-HeartRateExample.html">Observation Heart rate</a></p><p>Summary</p><table class="grid"><tr><td>Recorded</td><td>2025-04-03 12:00:00+0000</td></tr></table><p><b>Agents</b></p><table class="grid"><tr><td><b>Type</b></td><td><b>who</b></td><td><b>On Behalf Of</b></td></tr><tr><td><span title="Codes:{http://terminology.hl7.org/CodeSystem/provenance-participant-type author}">Author</span></td><td><a href="Practitioner-PractitionerExample.html">Practitioner John Smith (official)</a></td><td><a href="Organization-OrganizationExample.html">Organization HealthOrg Inc.</a></td></tr></table></div>
  </text>
  <target>
    <reference value="Observation/HeartRateExample"/>
  </target>
  <recorded value="2025-04-03T12:00:00Z"/>
  <agent>
    <type>
      <coding>
        <system value="http://terminology.hl7.org/CodeSystem/provenance-participant-type"/>
        <code value="author"/>
        <display value="Author"/>
      </coding>
    </type>
    <who>
      <reference value="Practitioner/PractitionerExample"/>
    </who>
    <onBehalfOf>
      <reference value="Organization/OrganizationExample"/>
    </onBehalfOf>
  </agent>
  <entity>
    <role value="source"/>
    <what>
      <reference value="Device/DeviceExample"/>
    </what>
  </entity>
</Provenance>