{
  "package": "fhir.PGHDProvIG",
  "version": "0.1.0",
  "fhirVersion": "4.0.1",
  "extensions": [
    {
      "url": "https://w3id.org/pghdprovo/fhir/StructureDefinition/observation-provenance",
      "title": "ObservationProvenance",
      "types": [
        "Reference"
      ]
    },
    {
      "url": "https://w3id.org/pghdprovo/fhir/StructureDefinition/pghd-location",
      "title": "PGHDLocation",
      "types": [
        "CodeableConcept",
        "string",
        "Extension",
        "Coding",
        "string",
        "Extension",
        "uri",
        "string",
        "code",
        "string",
        "boolean",
        "string"
      ]
    },
    {
      "url": "https://w3id.org/pghdprovo/fhir/StructureDefinition/pghd-posture",
      "title": "PGHDPosture",
      "types": [
        "CodeableConcept",
        "string",
        "Extension",
        "Coding",
        "string",
        "Extension",
        "uri",
        "string",
        "code",
        "string",
        "boolean",
        "string"
      ]
    }
  ],
  "profiles": {
    "Device": [
      {
        "url": "https://w3id.org/pghdprovo/fhir/StructureDefinition/pghd-device",
        "title": "PGHDDevice"
      }
    ],
    "Encounter": [
      {
        "url": "https://w3id.org/pghdprovo/fhir/StructureDefinition/pghd-encounter",
        "title": "PGHDEncounter"
      }
    ],
    "Observation": [
      {
        "url": "https://w3id.org/pghdprovo/fhir/StructureDefinition/pghd-observation",
        "title": "PGHDObservation"
      }
    ],
    "Organization": [
      {
        "url": "https://w3id.org/pghdprovo/fhir/StructureDefinition/pghd-organization",
        "title": "PGHDOrganization"
      }
    ],
    "Patient": [
      {
        "url": "https://w3id.org/pghdprovo/fhir/StructureDefinition/pghd-patient",
        "title": "PGHDPatient"
      }
    ],
    "Practitioner": [
      {
        "url": "https://w3id.org/pghdprovo/fhir/StructureDefinition/pghd-practitioner",
        "title": "PGHDPractitioner"
      }
    ],
    "Provenance": [
      {
        "url": "https://w3id.org/pghdprovo/fhir/StructureDefinition/pghd-provenance",
        "title": "PGHDProvenance"
      }
    ]
  },
  "usage": {
    "http://hl7.org/fhir/StructureDefinition/elementdefinition-bestpractice": [
      "StructureDefinition.snapshot.element.constraint"
    ],
    "http://hl7.org/fhir/StructureDefinition/elementdefinition-bestpractice-explanation": [
      "StructureDefinition.snapshot.element.constraint"
    ],
    "http://hl7.org/fhir/StructureDefinition/elementdefinition-bindingName": [
      "StructureDefinition.snapshot.element.binding"
    ],
    "http://hl7.org/fhir/StructureDefinition/elementdefinition-maxValueSet": [
      "StructureDefinition.snapshot.element.binding"
    ],
    "http://hl7.org/fhir/StructureDefinition/elementdefinition-translatable": [
      "StructureDefinition.snapshot.element"
    ],
    "http://hl7.org/fhir/StructureDefinition/structuredefinition-display-hint": [
      "StructureDefinition.snapshot.element"
    ],
    "http://hl7.org/fhir/StructureDefinition/structuredefinition-fhir-type": [
      "StructureDefinition.snapshot.element.type"
    ],
    "http://hl7.org/fhir/StructureDefinition/structuredefinition-hierarchy": [
      "StructureDefinition.snapshot.element.type"
    ],
    "http://hl7.org/fhir/tools/StructureDefinition/ig-internal-dependency": [
      "ImplementationGuide.definition"
    ],
    "http://hl7.org/fhir/tools/StructureDefinition/ig-page-name": [
      "ImplementationGuide.definition.page",
      "ImplementationGuide.definition.page.page"
    ],
    "http://hl7.org/fhir/tools/StructureDefinition/ig-parameter": [
      "ImplementationGuide.definition"
    ],
    "http://hl7.org/fhir/tools/StructureDefinition/implementationguide-dependency-comment": [
      "ImplementationGuide.dependsOn"
    ],
    "http://hl7.org/fhir/tools/StructureDefinition/resource-information": [
      "ImplementationGuide.definition.resource"
    ],
    "http://hl7.org/fhir/tools/StructureDefinition/snapshot-base-version": [
      "StructureDefinition.snapshot"
    ],
    "https://w3id.org/pghdprovo/fhir/StructureDefinition/observation-provenance": [
      "Observation"
    ],
    "https://w3id.org/pghdprovo/fhir/StructureDefinition/pghd-location": [
      "Observation"
    ],
    "https://w3id.org/pghdprovo/fhir/StructureDefinition/pghd-posture": [
      "Observation"
    ]
  }
}