<?xml version="1.0" encoding="UTF-8"?>

<ValueSet xmlns="http://hl7.org/fhir">
  <id value="bodysite-valueset"/>
  <text>
    <status value="generated"/><div xmlns="http://www.w3.org/1999/xhtml"><p class="res-header-id"><b>Generated Narrative: ValueSet bodysite-valueset</b></p><a name="bodysite-valueset"> </a><a name="hcbodysite-valueset"> </a><ul><li>Include these codes as defined in <a href="http://www.snomed.org/"><code>http://snomed.info/sct</code></a><table class="none"><tr><td style="white-space:nowrap"><b>Code</b></td><td><b>Display</b></td></tr><tr><td><a href="http://snomed.info/id/5951000">5951000</a></td><td>Left Wrist</td></tr><tr><td><a href="http://snomed.info/id/9736006">9736006</a></td><td>Right Wrist</td></tr><tr><td><a href="http://snomed.info/id/368208006">368208006</a></td><td>Left upper arm</td></tr><tr><td><a href="http://snomed.info/id/368209003">368209003</a></td><td>Right upper arm</td></tr><tr><td><a href="http://snomed.info/id/48979004">48979004</a></td><td>Left Lower Leg</td></tr><tr><td><a href="http://snomed.info/id/32696007">32696007</a></td><td>Right Lower Leg</td></tr><tr><td><a href="http://snomed.info/id/45048000">45048000</a></td><td>Neck</td></tr><tr><td><a href="http://snomed.info/id/276361009">276361009</a></td><td>Waist</td></tr></table></li></ul></div>
  </text>
  <url value="https://w3id.org/pghdprovo/fhir/ValueSet/bodysite-valueset"/>
  <version value="0.1.0"/>
  <name value="BodySiteValueSet"/>
  <title value="PGHD Body Site"/>
  <status value="draft"/>
  <date value="2025-09-21T16:39:17+01:00"/>
  <publisher value="Abdullahi Kawu"/>
  <contact>
    <name value="Abdullahi Kawu"/>
    <telecom>
      <system value="url"/>
      <value value="https://w3id.org/pghdprovo/fhir"/>
    </telecom>
  </contact>
  <description value="A list of allowed body sites where the PGHD was collected from or device was placed."/>
  <compose>
    <include>
      <system value="http://snomed.info/sct"/>
      <concept>
        <code value="5951000"/>
        <display value="Left Wrist"/>
      </concept>
      <concept>
        <code value="9736006"/>
        <display value="Right Wrist"/>
      </concept>
      <concept>
        <code value="368208006"/>
        <display value="Left upper arm"/>
      </concept>
      <concept>
        <code value="368209003"/>
        <display value="Right upper arm"/>
      </concept>
      <concept>
        <code value="48979004"/>
        <display value="Left Lower Leg"/>
      </concept>
      <concept>
        <code value="32696007"/>
        <display value="Right Lower Leg"/>
      </concept>
      <concept>
        <code value="45048000"/>
        <display value="Neck"/>
      </concept>
      <concept>
        <code value="276361009"/>
        <display value="Waist"/>
      </concept>
    </include>
  </compose>
</ValueSet>