<?xml version="1.0" encoding="UTF-8"?>

<ValueSet xmlns="http://hl7.org/fhir">
  <id value="location-valueset"/>
  <text>
    <status value="generated"/><div xmlns="http://www.w3.org/1999/xhtml"><p class="res-header-id"><b>Generated Narrative: ValueSet location-valueset</b></p><a name="location-valueset"> </a><a name="hclocation-valueset"> </a><ul><li>Include these codes as defined in <a href="http://www.snomed.org/"><code>http://snomed.info/sct</code></a><table class="none"><tr><td style="white-space:nowrap"><b>Code</b></td><td><b>Display</b></td></tr><tr><td><a href="http://snomed.info/id/264362003">264362003</a></td><td>Home</td></tr><tr><td><a href="http://snomed.info/id/702703009">702703009</a></td><td>Outside</td></tr></table></li></ul></div>
  </text>
  <url value="https://w3id.org/pghdprovo/fhir/ValueSet/location-valueset"/>
  <version value="0.1.0"/>
  <name value="LocationValueSet"/>
  <title value="PGHD Location Values"/>
  <status value="draft"/>
  <date value="2025-09-21T15:47:17+01:00"/>
  <publisher value="Abdullahi Kawu"/>
  <contact>
    <name value="Abdullahi Kawu"/>
    <telecom>
      <system value="url"/>
      <value value="https://w3id.org/pghdprovo/fhir"/>
    </telecom>
  </contact>
  <description value="Common patient locations during PGHD collection."/>
  <compose>
    <include>
      <system value="http://snomed.info/sct"/>
      <concept>
        <code value="264362003"/>
        <display value="Home"/>
      </concept>
      <concept>
        <code value="702703009"/>
        <display value="Outside"/>
      </concept>
    </include>
  </compose>
</ValueSet>