<?xml version="1.0" encoding="UTF-8"?>

<Bundle xmlns="http://hl7.org/fhir">
  <id value="2a567777-ce69-4d0a-8f04-9e726cabe055"/>
  <meta>
    <lastUpdated value="2025-09-21T10:44:47.738+01:00"/>
  </meta>
  <type value="collection"/>
  <entry>
    <fullUrl value="https://w3id.org/pghdprovo/fhir/ValueSet/bodysite-valueset"/>
    <resource>
      <ValueSet>
        <text>
          <status value="generated"/>
          <div xmlns="http://www.w3.org/1999/xhtml">
            <p class="res-header-id"/>
            <p style="border: black 1px dotted; background-color: #EEEEEE; padding: 8px; margin-bottom: 8px">Expansion from tx.fhir.org based on SNOMED CT International edition 01-Feb 2025</p>
            <p>This value set contains 8 concepts</p>
            <table class="codes">
              <tr>
                <td style="white-space:nowrap">
                  <b>Code</b>
                </td>
                <td>
                  <b>System</b>
                </td>
                <td>
                  <b>Display</b>
                </td>
              </tr>
              <tr>
                <td style="white-space:nowrap">
                  <a name="x-http://snomed.info/sct-5951000"> </a>  
                  <a href="http://snomed.info/id/5951000">5951000</a>
                </td>
                <td>http://snomed.info/sct</td>
                <td>Left wrist</td>
              </tr>
              <tr>
                <td style="white-space:nowrap">
                  <a name="x-http://snomed.info/sct-9736006"> </a>  
                  <a href="http://snomed.info/id/9736006">9736006</a>
                </td>
                <td>http://snomed.info/sct</td>
                <td>Right wrist</td>
              </tr>
              <tr>
                <td style="white-space:nowrap">
                  <a name="x-http://snomed.info/sct-368208006"> </a>  
                  <a href="http://snomed.info/id/368208006">368208006</a>
                </td>
                <td>http://snomed.info/sct</td>
                <td>Left upper arm structure</td>
              </tr>
              <tr>
                <td style="white-space:nowrap">
                  <a name="x-http://snomed.info/sct-368209003"> </a>  
                  <a href="http://snomed.info/id/368209003">368209003</a>
                </td>
                <td>http://snomed.info/sct</td>
                <td>Right upper arm</td>
              </tr>
              <tr>
                <td style="white-space:nowrap">
                  <a name="x-http://snomed.info/sct-48979004"> </a>  
                  <a href="http://snomed.info/id/48979004">48979004</a>
                </td>
                <td>http://snomed.info/sct</td>
                <td>Left Lower Leg</td>
              </tr>
              <tr>
                <td style="white-space:nowrap">
                  <a name="x-http://snomed.info/sct-32696007"> </a>  
                  <a href="http://snomed.info/id/32696007">32696007</a>
                </td>
                <td>http://snomed.info/sct</td>
                <td>Right Lower Leg</td>
              </tr>
              <tr>
                <td style="white-space:nowrap">
                  <a name="x-http://snomed.info/sct-45048000"> </a>  
                  <a href="http://snomed.info/id/45048000">45048000</a>
                </td>
                <td>http://snomed.info/sct</td>
                <td>Neck</td>
              </tr>
              <tr>
                <td style="white-space:nowrap">
                  <a name="x-http://snomed.info/sct-276361009"> </a>  
                  <a href="http://snomed.info/id/276361009">276361009</a>
                </td>
                <td>http://snomed.info/sct</td>
                <td>Waist circumference</td>
              </tr>
            </table>
          </div>
        </text>
        <url value="https://w3id.org/pghdprovo/fhir/ValueSet/bodysite-valueset"/>
        <version value="0.1.0"/>
        <name value="BodySiteValueSet"/>
        <title value="PGHD Body Site"/>
        <status value="draft"/>
        <date value="2025-09-21T10:41:55+01:00"/>
        <expansion>
          <identifier value="urn:uuid:a92ee7c1-4a69-4dc8-9755-a463502dbea4"/>
          <timestamp value="2025-09-21T10:45:55+01:00"/>
          <total value="8"/>
          <offset value="0"/>
          <parameter>
            <name value="count"/>
            <valueInteger value="1000"/>
          </parameter>
          <parameter>
            <name value="offset"/>
            <valueInteger value="0"/>
          </parameter>
          <parameter>
            <name value="excludeNested"/>
            <valueBoolean value="false"/>
          </parameter>
          <parameter>
            <name value="used-valueset"/>
            <valueUri value="null"/>
          </parameter>
          <parameter>
            <name value="used-codesystem"/>
            <valueUri value="http://snomed.info/sct|http://snomed.info/sct/900000000000207008/version/20250201"/>
          </parameter>
          <parameter>
            <name value="version"/>
            <valueUri value="http://snomed.info/sct|http://snomed.info/sct/900000000000207008/version/20250201"/>
          </parameter>
          <contains>
            <system value="http://snomed.info/sct"/>
            <code value="5951000"/>
            <display value="Left wrist"/>
          </contains>
          <contains>
            <system value="http://snomed.info/sct"/>
            <code value="9736006"/>
            <display value="Right wrist"/>
          </contains>
          <contains>
            <system value="http://snomed.info/sct"/>
            <code value="368208006"/>
            <display value="Left upper arm structure"/>
          </contains>
          <contains>
            <system value="http://snomed.info/sct"/>
            <code value="368209003"/>
            <display value="Right upper arm"/>
          </contains>
          <contains>
            <system value="http://snomed.info/sct"/>
            <code value="48979004"/>
            <display value="Left Lower Leg"/>
          </contains>
          <contains>
            <system value="http://snomed.info/sct"/>
            <code value="32696007"/>
            <display value="Right Lower Leg"/>
          </contains>
          <contains>
            <system value="http://snomed.info/sct"/>
            <code value="45048000"/>
            <display value="Neck"/>
          </contains>
          <contains>
            <system value="http://snomed.info/sct"/>
            <code value="276361009"/>
            <display value="Waist circumference"/>
          </contains>
        </expansion>
      </ValueSet>
    </resource>
  </entry>
  <entry>
    <fullUrl value="https://w3id.org/pghdprovo/fhir/ValueSet/encounter-class-valueset"/>
    <resource>
      <ValueSet>
        <text>
          <status value="generated"/>
          <div xmlns="http://www.w3.org/1999/xhtml">
            <p class="res-header-id"/>
            <p style="border: black 1px dotted; background-color: #EEEEEE; padding: 8px; margin-bottom: 8px">Expansion performed internally based on 
              <a href="http://terminology.hl7.org/6.5.0/CodeSystem-v3-ActCode.html">codesystem ActCode v9.0.0 (CodeSystem)</a>
            </p>
            <p>This value set contains 2 concepts</p>
            <table class="codes">
              <tr>
                <td style="white-space:nowrap">
                  <b>Code</b>
                </td>
                <td>
                  <b>System</b>
                </td>
                <td>
                  <b>Display</b>
                </td>
                <td>
                  <b>Definition</b>
                </td>
              </tr>
              <tr>
                <td style="white-space:nowrap">
                  <a name="x-http://terminology.hl7.org/CodeSystem/v3-ActCode-AMB"> </a>  
                  <a href="http://terminology.hl7.org/6.5.0/CodeSystem-v3-ActCode.html#v3-ActCode-AMB">AMB</a>
                </td>
                <td>http://terminology.hl7.org/CodeSystem/v3-ActCode</td>
                <td>Ambulatory</td>
                <td>
                  <div>
                    <p>A comprehensive term for health care provided in a healthcare facility (e.g. a practitioneraTMs office, clinic setting, or hospital) on a nonresident basis. The term ambulatory usually implies that the patient has come to the location and is not assigned to a bed. Sometimes referred to as an outpatient encounter.</p>

                  </div>
                </td>
              </tr>
              <tr>
                <td style="white-space:nowrap">
                  <a name="x-http://terminology.hl7.org/CodeSystem/v3-ActCode-HH"> </a>  
                  <a href="http://terminology.hl7.org/6.5.0/CodeSystem-v3-ActCode.html#v3-ActCode-HH">HH</a>
                </td>
                <td>http://terminology.hl7.org/CodeSystem/v3-ActCode</td>
                <td>Home Health</td>
                <td>
                  <div>
                    <p>Healthcare encounter that takes place in the residence of the patient or a designee</p>

                  </div>
                </td>
              </tr>
            </table>
          </div>
        </text>
        <url value="https://w3id.org/pghdprovo/fhir/ValueSet/encounter-class-valueset"/>
        <version value="0.1.0"/>
        <name value="EncounterClassValueSet"/>
        <title value="Encounter Class ValueSet"/>
        <status value="draft"/>
        <date value="2025-09-21T10:41:55+01:00"/>
        <expansion>
          <identifier value="urn:uuid:8b9b1088-77a6-4a1f-bb9d-a88cca659aff"/>
          <timestamp value="2025-09-21T10:45:56+01:00"/>
          <total value="2"/>
          <offset value="0"/>
          <parameter>
            <name value="count"/>
            <valueInteger value="1000"/>
          </parameter>
          <parameter>
            <name value="offset"/>
            <valueInteger value="0"/>
          </parameter>
          <parameter>
            <name value="excludeNested"/>
            <valueBoolean value="false"/>
          </parameter>
          <parameter>
            <name value="used-codesystem"/>
            <valueUri value="http://terminology.hl7.org/CodeSystem/v3-ActCode|9.0.0"/>
          </parameter>
          <contains>
            <system value="http://terminology.hl7.org/CodeSystem/v3-ActCode"/>
            <code value="AMB"/>
            <display value="Ambulatory"/>
          </contains>
          <contains>
            <system value="http://terminology.hl7.org/CodeSystem/v3-ActCode"/>
            <code value="HH"/>
            <display value="Home Health"/>
          </contains>
        </expansion>
      </ValueSet>
    </resource>
  </entry>
  <entry>
    <fullUrl value="https://w3id.org/pghdprovo/fhir/ValueSet/location-valueset"/>
    <resource>
      <ValueSet>
        <text>
          <status value="generated"/>
          <div xmlns="http://www.w3.org/1999/xhtml">
            <p class="res-header-id"/>
            <p style="border: black 1px dotted; background-color: #EEEEEE; padding: 8px; margin-bottom: 8px">Expansion from tx.fhir.org based on SNOMED CT International edition 01-Feb 2025</p>
            <p>This value set contains 2 concepts</p>
            <table class="codes">
              <tr>
                <td style="white-space:nowrap">
                  <b>Code</b>
                </td>
                <td>
                  <b>System</b>
                </td>
                <td>
                  <b>Display</b>
                </td>
              </tr>
              <tr>
                <td style="white-space:nowrap">
                  <a name="x-http://snomed.info/sct-264362003"> </a>  
                  <a href="http://snomed.info/id/264362003">264362003</a>
                </td>
                <td>http://snomed.info/sct</td>
                <td>Dwelling</td>
              </tr>
              <tr>
                <td style="white-space:nowrap">
                  <a name="x-http://snomed.info/sct-702703009"> </a>  
                  <a href="http://snomed.info/id/702703009">702703009</a>
                </td>
                <td>http://snomed.info/sct</td>
                <td>Outdoor public site</td>
              </tr>
            </table>
          </div>
        </text>
        <url value="https://w3id.org/pghdprovo/fhir/ValueSet/location-valueset"/>
        <version value="0.1.0"/>
        <name value="LocationValueSet"/>
        <title value="PGHD Location Values"/>
        <status value="draft"/>
        <date value="2025-09-21T10:41:55+01:00"/>
        <expansion>
          <identifier value="urn:uuid:cc821709-5d79-439f-9a2c-1dcb12c19691"/>
          <timestamp value="2025-09-21T10:45:56+01:00"/>
          <total value="2"/>
          <offset value="0"/>
          <parameter>
            <name value="count"/>
            <valueInteger value="1000"/>
          </parameter>
          <parameter>
            <name value="offset"/>
            <valueInteger value="0"/>
          </parameter>
          <parameter>
            <name value="excludeNested"/>
            <valueBoolean value="false"/>
          </parameter>
          <parameter>
            <name value="used-valueset"/>
            <valueUri value="null"/>
          </parameter>
          <parameter>
            <name value="used-codesystem"/>
            <valueUri value="http://snomed.info/sct|http://snomed.info/sct/900000000000207008/version/20250201"/>
          </parameter>
          <parameter>
            <name value="version"/>
            <valueUri value="http://snomed.info/sct|http://snomed.info/sct/900000000000207008/version/20250201"/>
          </parameter>
          <contains>
            <system value="http://snomed.info/sct"/>
            <code value="264362003"/>
            <display value="Dwelling"/>
          </contains>
          <contains>
            <system value="http://snomed.info/sct"/>
            <code value="702703009"/>
            <display value="Outdoor public site"/>
          </contains>
        </expansion>
      </ValueSet>
    </resource>
  </entry>
  <entry>
    <fullUrl value="https://w3id.org/pghdprovo/fhir/ValueSet/posture-valueset"/>
    <resource>
      <ValueSet>
        <text>
          <status value="generated"/>
          <div xmlns="http://www.w3.org/1999/xhtml">
            <p class="res-header-id"/>
            <p style="border: black 1px dotted; background-color: #EEEEEE; padding: 8px; margin-bottom: 8px">Expansion from tx.fhir.org based on SNOMED CT International edition 01-Feb 2025</p>
            <p>This value set contains 3 concepts</p>
            <table class="codes">
              <tr>
                <td style="white-space:nowrap">
                  <b>Code</b>
                </td>
                <td>
                  <b>System</b>
                </td>
                <td>
                  <b>Display</b>
                </td>
              </tr>
              <tr>
                <td style="white-space:nowrap">
                  <a name="x-http://snomed.info/sct-33586001"> </a>  
                  <a href="http://snomed.info/id/33586001">33586001</a>
                </td>
                <td>http://snomed.info/sct</td>
                <td>Sitting position</td>
              </tr>
              <tr>
                <td style="white-space:nowrap">
                  <a name="x-http://snomed.info/sct-10904000"> </a>  
                  <a href="http://snomed.info/id/10904000">10904000</a>
                </td>
                <td>http://snomed.info/sct</td>
                <td>Orthostatic body position</td>
              </tr>
              <tr>
                <td style="white-space:nowrap">
                  <a name="x-http://snomed.info/sct-102538003"> </a>  
                  <a href="http://snomed.info/id/102538003">102538003</a>
                </td>
                <td>http://snomed.info/sct</td>
                <td>Recumbent body position</td>
              </tr>
            </table>
          </div>
        </text>
        <url value="https://w3id.org/pghdprovo/fhir/ValueSet/posture-valueset"/>
        <version value="0.1.0"/>
        <name value="PostureValueSet"/>
        <title value="PGHD Posture Values"/>
        <status value="draft"/>
        <date value="2025-09-21T10:41:55+01:00"/>
        <expansion>
          <identifier value="urn:uuid:113b68e0-84b1-4f6a-8f44-6612640d55f4"/>
          <timestamp value="2025-09-21T10:45:57+01:00"/>
          <total value="3"/>
          <offset value="0"/>
          <parameter>
            <name value="count"/>
            <valueInteger value="1000"/>
          </parameter>
          <parameter>
            <name value="offset"/>
            <valueInteger value="0"/>
          </parameter>
          <parameter>
            <name value="excludeNested"/>
            <valueBoolean value="false"/>
          </parameter>
          <parameter>
            <name value="used-valueset"/>
            <valueUri value="null"/>
          </parameter>
          <parameter>
            <name value="used-codesystem"/>
            <valueUri value="http://snomed.info/sct|http://snomed.info/sct/900000000000207008/version/20250201"/>
          </parameter>
          <parameter>
            <name value="version"/>
            <valueUri value="http://snomed.info/sct|http://snomed.info/sct/900000000000207008/version/20250201"/>
          </parameter>
          <contains>
            <system value="http://snomed.info/sct"/>
            <code value="33586001"/>
            <display value="Sitting position"/>
          </contains>
          <contains>
            <system value="http://snomed.info/sct"/>
            <code value="10904000"/>
            <display value="Orthostatic body position"/>
          </contains>
          <contains>
            <system value="http://snomed.info/sct"/>
            <code value="102538003"/>
            <display value="Recumbent body position"/>
          </contains>
        </expansion>
      </ValueSet>
    </resource>
  </entry>
</Bundle>