<?xml version="1.0" encoding="UTF-8"?><ValueSet xmlns="http://hl7.org/fhir"><id value="posture-valueset"/><text><status value="generated"/><div xmlns="http://www.w3.org/1999/xhtml"><p class="res-header-id"><b>Generated Narrative: ValueSet posture-valueset</b></p><a name="posture-valueset"> </a><a name="hcposture-valueset"> </a><ul><li>Include these codes as defined in <a href="http://www.snomed.org/"><code>http://snomed.info/sct</code></a><table class="none"><tr><td style="white-space:nowrap"><b>Code</b></td><td><b>Display</b></td></tr><tr><td><a href="http://snomed.info/id/33586001">33586001</a></td><td>Sitting position</td></tr><tr><td><a href="http://snomed.info/id/10904000">10904000</a></td><td>Standing position</td></tr><tr><td><a href="http://snomed.info/id/102538003">102538003</a></td><td>Lying position</td></tr></table></li></ul></div></text><url value="https://w3id.org/pghdprovo/fhir/ValueSet/posture-valueset"/><version value="0.1.0"/><name value="PostureValueSet"/><title value="PGHD Posture Values"/><status value="draft"/><date value="2025-09-21T10:41:55+01:00"/><publisher value="Abdullahi Kawu"/><contact><name value="Abdullahi Kawu"/><telecom><system value="url"/><value value="https://w3id.org/pghdprovo/fhir"/></telecom></contact><description value="Common patient postures during PGHD collection."/><compose><include><system value="http://snomed.info/sct"/><concept><code value="33586001"/><display value="Sitting position"/></concept><concept><code value="10904000"/><display value="Standing position"/></concept><concept><code value="102538003"/><display value="Lying position"/></concept></include></compose></ValueSet>