<?xml version="1.0" encoding="UTF-8"?><ValueSet xmlns="http://hl7.org/fhir"><id value="encounter-class-valueset"/><text><status value="extensions"/><div xmlns="http://www.w3.org/1999/xhtml"><p class="res-header-id"><b>Generated Narrative: ValueSet encounter-class-valueset</b></p><a name="encounter-class-valueset"> </a><a name="hcencounter-class-valueset"> </a><ul><li>Include these codes as defined in <a href="http://terminology.hl7.org/6.5.0/CodeSystem-v3-ActCode.html"><code>http://terminology.hl7.org/CodeSystem/v3-ActCode</code></a><table class="none"><tr><td style="white-space:nowrap"><b>Code</b></td><td><b>Display</b></td><td><b>Definition</b></td></tr><tr><td><a href="http://terminology.hl7.org/6.5.0/CodeSystem-v3-ActCode.html#v3-ActCode-AMB">AMB</a></td><td>Ambulatory</td><td>A comprehensive term for health care provided in a healthcare facility (e.g. a practitioneraTMs office, clinic setting, or hospital) on a nonresident basis. The term ambulatory usually implies that the patient has come to the location and is not assigned to a bed. Sometimes referred to as an outpatient encounter.</td></tr><tr><td><a href="http://terminology.hl7.org/6.5.0/CodeSystem-v3-ActCode.html#v3-ActCode-HH">HH</a></td><td>Home Health</td><td>Healthcare encounter that takes place in the residence of the patient or a designee</td></tr></table></li></ul></div></text><url value="https://w3id.org/pghdprovo/fhir/ValueSet/encounter-class-valueset"/><version value="0.1.0"/><name value="EncounterClassValueSet"/><title value="Encounter Class ValueSet"/><status value="draft"/><date value="2025-09-21T10:41:55+01:00"/><publisher value="Abdullahi Kawu"/><contact><name value="Abdullahi Kawu"/><telecom><system value="url"/><value value="https://w3id.org/pghdprovo/fhir"/></telecom></contact><description value="A list of encounter classes including Ambulatory and Home Health."/><compose><include><system value="http://terminology.hl7.org/CodeSystem/v3-ActCode"/><concept><code value="AMB"/><display value="Ambulatory"/></concept><concept><code value="HH"/><display value="Home Health"/></concept></include></compose></ValueSet>