{
  "resourceType" : "Encounter",
  "id" : "EncounterExample",
  "meta" : {
    "profile" : ["https://w3id.org/pghdprovo/fhir/StructureDefinition/pghd-encounter"]
  },
  "text" : {
    "status" : "generated",
    "div" : "<div xmlns=\"http://www.w3.org/1999/xhtml\"><p class=\"res-header-id\"><b>Generated Narrative: Encounter EncounterExample</b></p><a name=\"EncounterExample\"> </a><a name=\"hcEncounterExample\"> </a><div style=\"display: inline-block; background-color: #d9e0e7; padding: 6px; margin: 4px; border: 1px solid #8da1b4; border-radius: 5px; line-height: 60%\"><p style=\"margin-bottom: 0px\"/><p style=\"margin-bottom: 0px\">Profile: <a href=\"StructureDefinition-pghd-encounter.html\">PGHDEncounter</a></p></div><p><b>identifier</b>: <code>urn:uuid</code>/550e8400-e29b-41d4-a716-446655440000</p><p><b>status</b>: Finished</p><p><b>class</b>: <a href=\"http://terminology.hl7.org/6.5.0/CodeSystem-v3-ActCode.html#v3-ActCode-AMB\">ActCode AMB</a>: Ambulatory</p><p><b>subject</b>: <a href=\"Patient-PatientExample.html\">John Doe (official) Female, DoB: 1990-05-15 ( urn:uuid#123e4567-e89b-12d3-a456-426614174001)</a></p><h3>Participants</h3><table class=\"grid\"><tr><td style=\"display: none\">-</td><td><b>Period</b></td><td><b>Individual</b></td></tr><tr><td style=\"display: none\">*</td><td>2025-04-03 10:00:00+0000 --&gt; 2025-04-03 11:00:00+0000</td><td><a href=\"Practitioner-PractitionerExample.html\">Practitioner John Smith (official)</a></td></tr></table><p><b>serviceProvider</b>: <a href=\"Organization-OrganizationExample.html\">Organization HealthOrg Inc.</a></p></div>"
  },
  "identifier" : [{
    "system" : "urn:uuid",
    "value" : "550e8400-e29b-41d4-a716-446655440000"
  }],
  "status" : "finished",
  "class" : {
    "system" : "http://terminology.hl7.org/CodeSystem/v3-ActCode",
    "code" : "AMB",
    "display" : "Ambulatory"
  },
  "subject" : {
    "reference" : "Patient/PatientExample"
  },
  "participant" : [{
    "period" : {
      "start" : "2025-04-03T10:00:00Z",
      "end" : "2025-04-03T11:00:00Z"
    },
    "individual" : {
      "reference" : "Practitioner/PractitionerExample"
    }
  }],
  "serviceProvider" : {
    "reference" : "Organization/OrganizationExample"
  }
}