{
  "resourceType" : "Patient",
  "id" : "PatientExample",
  "meta" : {
    "profile" : ["https://w3id.org/pghdprovo/fhir/StructureDefinition/pghd-patient"]
  },
  "text" : {
    "status" : "generated",
    "div" : "<div xmlns=\"http://www.w3.org/1999/xhtml\"><p class=\"res-header-id\"><b>Generated Narrative: Patient PatientExample</b></p><a name=\"PatientExample\"> </a><a name=\"hcPatientExample\"> </a><a name=\"PatientExample-en-US\"> </a><div style=\"display: inline-block; background-color: #d9e0e7; padding: 6px; margin: 4px; border: 1px solid #8da1b4; border-radius: 5px; line-height: 60%\"><p style=\"margin-bottom: 0px\"/><p style=\"margin-bottom: 0px\">Profile: <a href=\"StructureDefinition-pghd-patient.html\">PGHDPatient</a></p></div><p style=\"border: 1px #661aff solid; background-color: #e6e6ff; padding: 10px;\">John Doe (official) Female, DoB: 1990-05-15 ( urn:uuid#123e4567-e89b-12d3-a456-426614174001)</p><hr/><table class=\"grid\"><tr><td style=\"background-color: #f3f5da\" title=\"Record is active\">Active:</td><td colspan=\"3\">true</td></tr><tr><td style=\"background-color: #f3f5da\" title=\"Ways to contact the Patient\">Contact Detail</td><td colspan=\"3\"><ul><li>ph: 123-456-7890</li><li><a href=\"mailto:john.doe@example.com\">john.doe@example.com</a></li></ul></td></tr></table></div>"
  },
  "identifier" : [{
    "system" : "urn:uuid",
    "value" : "123e4567-e89b-12d3-a456-426614174001"
  }],
  "active" : true,
  "name" : [{
    "use" : "official",
    "family" : "Doe",
    "given" : ["John"]
  }],
  "telecom" : [{
    "system" : "phone",
    "value" : "123-456-7890"
  },
  {
    "system" : "email",
    "value" : "john.doe@example.com"
  }],
  "gender" : "female",
  "birthDate" : "1990-05-15"
}